Switch , X-axis, Y-axis
1, 508, 527
1, 508, 528 
1, 508, 527
1, 508, 528
1, 508, 528
1, 508, 527
1, 508, 527
1, 508, 527
1, 507, 528
1, 508, 528
1, 508, 528
1, 508, 527
1, 508, 527
1, 508, 528
1, 508, 528
1, 508, 528
1, 508, 527
1, 508, 527
1, 508, 527
1, 508, 528
1, 508, 528
1, 508, 527
1, 508, 528
1, 508, 528
1, 507, 527
1, 508, 527
1, 507, 527
1, 508, 527
1, 508, 528
1, 507, 527
1, 508, 528
1, 508, 528
1, 508, 527
1, 507, 527
1, 507, 527
1, 508, 527
1, 508, 528
1, 508, 528
1, 507, 528
1, 507, 527
1, 508, 528
1, 508, 528
1, 508, 528
1, 508, 528
1, 508, 527
1, 508, 527
1, 508, 527
1, 508, 527
1, 508, 528
1, 508, 527
1, 507, 528
1, 508, 527
1, 508, 528
1, 508, 527
1, 507, 527
1, 508, 528
1, 508, 528
1, 508, 527
1, 508, 527
1, 508, 528
1, 508, 528
1, 508, 527
1, 507, 527
1, 507, 528
1, 508, 527
1, 508, 527
1, 507, 527
1, 508, 527
1, 508, 528
1, 508, 528
1, 509, 527
1, 508, 527
1, 508, 528
1, 508, 528
1, 508, 528
1, 508, 527
1, 508, 528
1, 507, 528
1, 508, 527
1, 507, 527
1, 507, 528
1, 508, 527
1, 508, 527
1, 508, 527
1, 508, 528
1, 508, 527
1, 508, 527
1, 508, 527
1, 508, 527
1, 508, 527
1, 508, 528
1, 508, 527
1, 508, 528
1, 508, 528
1, 508, 527
1, 508, 527
1, 508, 527
1, 508, 527
1, 508, 527
1, 507, 527
1, 508, 528
1, 508, 527
1, 508, 528
1, 508, 527
1, 508, 528
1, 508, 527
1, 508, 528
1, 507, 528
1, 508, 527
1, 508, 527
1, 507, 527
1, 507, 528
1, 508, 527
1, 508, 527
1, 508, 528
1, 508, 528
1, 508, 527
1, 508, 528
1, 508, 528
1, 508, 527
1, 507, 528
1, 508, 528
1, 508, 527
1, 508, 527
1, 508, 528
1, 508, 527
1, 507, 527
1, 508, 528
1, 508, 527
1, 508, 528
1, 508, 528
1, 508, 527
1, 508, 527
1, 508, 527
1, 507, 528
1, 507, 527
1, 508, 527
1, 508, 527
1, 508, 528
1, 508, 529
1, 507, 527
1, 508, 527
1, 508, 528
1, 508, 527
1, 508, 527
1, 508, 528
1, 508, 527
1, 507, 528
1, 508, 528
1, 508, 527
1, 508, 527
1, 507, 527
1, 508, 527
1, 507, 528
1, 508, 527
1, 508, 526
1, 508, 528
1, 508, 527
1, 508, 527
1, 508, 527
1, 508, 527
1, 508, 528
1, 508, 528
1, 508, 528
1, 508, 527
1, 508, 527
1, 508, 527
1, 502, 525
1, 504, 524
1, 507, 528
1, 507, 528
1, 507, 527
1, 505, 526
1, 507, 527
1, 508, 528
1, 507, 527
1, 508, 528
1, 508, 528
1, 508, 528
1, 508, 528
1, 508, 528
1, 508, 527
1, 508, 527
1, 508, 528
1, 508, 528
1, 508, 527
1, 507, 528
1, 508, 528
1, 508, 528
1, 508, 527
1, 508, 527
1, 507, 527
1, 507, 526
1, 504, 525
1, 507, 527
1, 507, 466
1, 505, 526
1, 505, 525
1, 505, 525
1, 505, 524
1, 505, 524
1, 504, 522
1, 503, 523
1, 503, 523
1, 503, 523
1, 503, 523
1, 503, 523
1, 503, 523
1, 503, 523
1, 503, 522
1, 503, 523
1, 502, 522
1, 501, 520
1, 500, 518
1, 496, 515
1, 494, 514
1, 492, 512
1, 486, 516
1, 508, 528
1, 508, 527
1, 508, 529
1, 508, 527
1, 508, 527
1, 507, 528
1, 508, 527
1, 508, 528
1, 508, 528
1, 508, 528
1, 508, 528
1, 508, 527
1, 508, 527
1, 508, 529
1, 508, 527
1, 508, 527
1, 508, 528
1, 508, 527
1, 507, 528
1, 508, 527
1, 508, 527
1, 509, 528
1, 508, 527
1, 507, 527
1, 508, 528
1, 508, 527
1, 507, 528
1, 508, 528
1, 508, 527
1, 508, 527
1, 508, 527
1, 508, 528
1, 508, 528
1, 508, 527
1, 507, 528
1, 507, 527
1, 508, 527
1, 507, 527
1, 508, 527
1, 507, 527
1, 508, 527
1, 507, 527
1, 508, 527
1, 508, 527
1, 507, 527
1, 507, 527
1, 508, 527
1, 507, 527
1, 507, 527
1, 508, 528
1, 508, 527
1, 507, 527
1, 507, 527
1, 508, 527
1, 508, 527
1, 508, 527
1, 508, 527
1, 508, 528
1, 508, 528
1, 508, 527
1, 509, 527
1, 508, 528
1, 508, 527
1, 508, 527
1, 508, 527
1, 508, 527
1, 508, 527
1, 507, 527
1, 507, 527
1, 507, 527
1, 508, 527
1, 508, 528
1, 508, 528
1, 508, 528
1, 508, 528
1, 508, 528
1, 509, 527
1, 508, 527
1, 508, 527
1, 508, 528
1, 508, 527
1, 507, 528
1, 508, 528
1, 508, 527
1, 508, 528
1, 508, 528
1, 508, 528
1, 507, 527
1, 507, 527
1, 508, 528
1, 508, 528
1, 509, 527
1, 508, 528
1, 507, 527
1, 508, 527
1, 508, 527
1, 508, 528
1, 508, 527
1, 508, 527
1, 508, 527
1, 508, 527
1, 507, 527
1, 508, 527
1, 508, 528
1, 508, 527
1, 508, 527
1, 507, 527
1, 507, 528
1, 508, 528
1, 508, 528
1, 508, 527
1, 508, 527
1, 508, 527
1, 508, 528
1, 508, 528
1, 508, 527
1, 508, 527
1, 507, 527
1, 508, 527
1, 508, 527
1, 508, 528
1, 508, 528
1, 507, 528
1, 508, 528
1, 508, 527
1, 508, 527
1, 508, 528
1, 508, 528
1, 508, 527
1, 508, 527
1, 508, 528
1, 508, 528
1, 508, 527
1, 508, 527
1, 508, 528
1, 508, 528
1, 508, 527
1, 507, 528
1, 507, 527
1, 508, 528
1, 508, 528
1, 508, 527
1, 508, 528
1, 508, 527
1, 508, 528
1, 507, 527
1, 508, 527
1, 508, 527
1, 508, 528
1, 508, 527
1, 507, 528
1, 508, 529
1, 508, 528
1, 508, 528
1, 508, 527
1, 508, 527
1, 508, 528
1, 507, 527
1, 508, 527
1, 507, 528
1, 508, 527
1, 508, 528
1, 508, 527
1, 508, 528
1, 508, 528
1, 508, 527
1, 508, 527
1, 508, 528
1, 508, 527
1, 508, 527
1, 508, 528
1, 508, 527
1, 508, 528
1, 508, 528
1, 508, 528
1, 508, 527
1, 508, 527
1, 508, 527
1, 508, 528
1, 508, 527
1, 508, 527
1, 508, 527
1, 507, 528
1, 507, 527
1, 508, 528
1, 508, 528
1, 508, 528
1, 507, 528
1, 508, 528
1, 508, 528
1, 508, 527
1, 507, 527
1, 508, 527
1, 508, 528
1, 508, 528
1, 508, 527
1, 508, 527
1, 507, 528
1, 508, 527
1, 508, 527
1, 508, 527
1, 508, 527
1, 508, 528
1, 508, 527
1, 508, 528
1, 508, 528
1, 508, 528
1, 508, 527
1, 508, 527
1, 508, 528
1, 508, 528
1, 508, 527
1, 508, 527
1, 508, 528
1, 508, 527
1, 508, 527
1, 508, 527
1, 508, 528
1, 508, 528
1, 508, 528
1, 508, 527
1, 508, 528
1, 508, 528
1, 508, 528
1, 508, 528
1, 508, 528
1, 508, 529
1, 507, 527
1, 508, 528
1, 508, 528
1, 508, 527
1, 508, 527
1, 508, 527
1, 508, 528
1, 508, 528
1, 508, 528
1, 508, 528
1, 507, 528
1, 508, 528
1, 508, 527
1, 508, 527
1, 508, 527
1, 508, 528
1, 508, 527
1, 508, 527
1, 509, 527
1, 508, 528
1, 508, 527
1, 508, 528
1, 508, 527
1, 508, 528
1, 508, 527
1, 508, 528
1, 507, 528
1, 508, 528
1, 507, 527
1, 508, 527
1, 508, 528
1, 508, 528
1, 509, 528
1, 508, 528
1, 508, 527
1, 508, 528
1, 508, 527
1, 508, 527
1, 507, 527
1, 507, 528
1, 508, 527
1, 508, 527
1, 508, 527
1, 508, 527
1, 508, 528
1, 507, 527
1, 507, 527
1, 508, 528
1, 508, 527
1, 508, 528
1, 508, 527
1, 508, 528
1, 508, 527
1, 507, 527
1, 508, 527
1, 508, 528
1, 508, 527
1, 507, 528
1, 508, 527
1, 508, 528
1, 508, 527
1, 508, 528
1, 508, 527
1, 508, 528
1, 507, 527
1, 507, 527
1, 507, 528
1, 508, 527
1, 508, 527
1, 508, 527
1, 508, 527
1, 508, 528
1, 508, 528
1, 508, 527
1, 507, 527
1, 508, 527
1, 508, 527
1, 508, 527
1, 508, 527
1, 508, 528
1, 508, 527
1, 508, 527
1, 508, 528
1, 507, 527
1, 508, 528
1, 508, 527
1, 508, 528
1, 508, 528
1, 508, 528
1, 508, 528
1, 508, 527
1, 508, 527
1, 508, 528
1, 508, 528
1, 508, 527
1, 508, 527
1, 508, 527
1, 507, 527
1, 508, 528
1, 508, 527
1, 508, 528
1, 509, 527
1, 508, 527
1, 508, 528
1, 508, 527
1, 510, 528
1, 508, 529
1, 508, 527
1, 508, 528
1, 508, 528
1, 508, 527
1, 508, 528
1, 508, 527
1, 508, 528
1, 508, 528
1, 508, 528
1, 508, 527
1, 507, 528
1, 508, 527
1, 508, 528
1, 508, 527
1, 507, 527
1, 508, 527
1, 508, 528
1, 508, 528
1, 508, 528
1, 508, 528
1, 508, 528
1, 508, 527
1, 507, 527
1, 508, 527
1, 508, 528
1, 508, 528
1, 507, 527
1, 508, 528
1, 508, 528
1, 508, 527
1, 507, 527
1, 508, 528
1, 508, 528
1, 508, 527
1, 508, 527
1, 508, 528
1, 508, 528
1, 508, 527
1, 508, 527
1, 508, 528
1, 508, 527
1, 508, 527
1, 509, 527
1, 508, 528
1, 508, 528
1, 508, 528
1, 508, 527
1, 508, 527
1, 508, 528
1, 508, 527
1, 508, 528
1, 508, 527
1, 508, 527
1, 507, 527
1, 508, 528
1, 508, 528
1, 508, 527
1, 508, 527
1, 508, 527
1, 508, 527
1, 507, 528
1, 508, 527
1, 508, 527
1, 508, 527
1, 508, 527
1, 508, 528
1, 508, 527
1, 508, 527
1, 508, 528
1, 508, 528
1, 508, 528
1, 508, 528
1, 508, 527
1, 508, 527
1, 508, 528
1, 508, 527
1, 509, 528
1, 508, 527
1, 508, 527
1, 507, 528
1, 508, 528
1, 508, 528
1, 508, 527
1, 507, 528
1, 508, 528
1, 508, 527
1, 507, 527
1, 508, 528
1, 508, 528
1, 508, 527
1, 507, 528
1, 508, 527
1, 508, 528
1, 508, 528
1, 508, 527
1, 508, 527
1, 508, 527
1, 508, 528
1, 507, 527
1, 507, 528
1, 508, 527
1, 508, 528
1, 508, 528
1, 507, 529
1, 508, 530
1, 508, 530
1, 508, 530
1, 509, 530
1, 508, 531
1, 508, 532
1, 508, 532
1, 507, 535
1, 508, 539
1, 508, 543
1, 508, 549
1, 508, 554
1, 508, 555
1, 508, 559
1, 507, 566
1, 508, 579
1, 508, 582
1, 507, 588
1, 508, 594
1, 508, 603
1, 508, 606
1, 508, 608
1, 508, 615
1, 507, 621
1, 508, 625
1, 508, 629
1, 508, 635
1, 508, 641
1, 508, 648
1, 508, 654
1, 508, 660
1, 508, 666
1, 508, 673
1, 507, 679
1, 508, 688
1, 508, 694
1, 508, 707
1, 507, 721
1, 508, 729
1, 508, 737
1, 508, 749
1, 508, 764
1, 508, 771
1, 508, 779
1, 508, 793
1, 508, 804
1, 508, 811
1, 508, 825
1, 508, 835
1, 507, 844
1, 508, 852
1, 508, 866
1, 508, 875
1, 508, 881
1, 508, 888
1, 508, 897
1, 508, 901
1, 508, 906
1, 508, 911
1, 508, 920
1, 508, 924
1, 508, 928
1, 508, 932
1, 508, 938
1, 508, 952
1, 508, 959
1, 508, 966
1, 508, 978
1, 508, 998
1, 508, 1010
1, 508, 1018
1, 508, 1020
1, 508, 1022
1, 508, 1023
1, 508, 1023
1, 508, 1023
1, 508, 1023
1, 508, 1023
1, 508, 1023
1, 508, 1023
1, 508, 1023
1, 508, 1023
1, 508, 1023
1, 509, 1023
1, 508, 1023
1, 508, 1023
1, 508, 1023
1, 508, 1023
1, 508, 1023
1, 508, 1023
1, 507, 1023
1, 507, 1023
1, 508, 1023
1, 507, 1023
1, 508, 1023
1, 507, 1022
1, 508, 1023
1, 508, 1023
1, 508, 1023
1, 507, 1023
1, 508, 1023
1, 508, 1023
1, 508, 1023
1, 508, 1023
1, 508, 1023
1, 508, 1023
1, 508, 1023
1, 508, 1023
1, 508, 1023
1, 509, 1023
1, 508, 1023
1, 508, 1022
1, 508, 1023
1, 508, 1023
1, 508, 1023
1, 508, 1023
1, 507, 1023
1, 508, 1023
1, 508, 1023
1, 507, 1023
1, 508, 1023
1, 508, 1023
1, 508, 1023
1, 508, 1023
1, 508, 1023
1, 508, 1023
1, 508, 1023
1, 508, 1023
1, 508, 1023
1, 508, 1023
1, 508, 1023
1, 508, 1023
1, 508, 1023
1, 508, 1023
1, 508, 1023
1, 508, 1023
1, 508, 1023
1, 508, 1023
1, 508, 1023
1, 508, 1023
1, 508, 1023
1, 508, 1023
1, 508, 1023
1, 508, 1023
1, 508, 1023
1, 508, 1023
1, 508, 1023
1, 508, 1023
1, 508, 1023
1, 508, 1023
1, 507, 1023
1, 508, 1023
1, 508, 1023
1, 508, 1023
1, 508, 1023
1, 507, 1023
1, 508, 1023
1, 508, 1022
1, 508, 1023
1, 508, 1023
1, 508, 1023
1, 508, 1023
1, 507, 1023
1, 508, 1023
1, 508, 1023
1, 508, 1023
1, 508, 1023
1, 508, 1023
1, 508, 1023
1, 508, 1023
1, 508, 1023
1, 508, 1023
1, 507, 1023
1, 508, 1023
1, 508, 1023
1, 508, 1023
1, 508, 1023
1, 508, 1023
1, 508, 1023
1, 508, 1023
1, 508, 1023
1, 508, 1023
1, 508, 1023
1, 508, 1023
1, 508, 1023
1, 508, 1023
1, 508, 1023
1, 508, 1023
1, 508, 1023
1, 508, 1023
1, 508, 1023
1, 508, 1023
1, 508, 1023
1, 508, 1023
1, 507, 1023
1, 508, 1023
1, 508, 1023
1, 508, 1023
1, 508, 1023
1, 508, 1023
1, 508, 1023
1, 508, 1023
1, 508, 1023
1, 508, 1023
1, 508, 1023
1, 508, 1023
1, 508, 1023
1, 507, 1023
1, 507, 1023
1, 507, 1023
1, 509, 1023
1, 508, 1023
1, 508, 1023
1, 508, 1023
1, 508, 1023
1, 508, 1023
1, 508, 1023
1, 508, 1023
1, 508, 1023
1, 508, 1023
1, 508, 1023
1, 508, 1023
1, 508, 1023
1, 508, 1023
1, 508, 1023
1, 508, 1023
1, 508, 1023
1, 508, 1023
1, 508, 1023
1, 508, 1023
1, 508, 1023
1, 508, 1023
1, 508, 1023
1, 509, 1023
1, 508, 1023
1, 508, 1023
1, 508, 1023
1, 508, 1023
1, 508, 1023
1, 508, 1023
1, 508, 1023
1, 508, 1023
1, 508, 1023
1, 508, 1023
1, 508, 1023
1, 508, 1023
1, 508, 1023
1, 508, 1023
1, 508, 1023
1, 508, 1023
1, 507, 1023
1, 508, 1023
1, 508, 1023
1, 508, 1023
1, 508, 1023
1, 508, 1023
1, 508, 1023
1, 508, 1023
1, 508, 1023
1, 508, 1023
1, 508, 1023
1, 508, 1023
1, 508, 1023
1, 508, 1023
1, 508, 1023
1, 508, 1023
1, 508, 1023
1, 508, 1023
1, 507, 1023
1, 508, 1022
1, 508, 1023
1, 508, 1023
1, 508, 1023
1, 508, 1023
1, 508, 1023
1, 508, 1023
1, 508, 1023
1, 508, 1023
1, 508, 1023
1, 508, 1023
1, 508, 1023
1, 508, 1023
1, 508, 1023
1, 508, 1023
1, 508, 1023
1, 508, 1023
1, 508, 1023
1, 508, 1023
1, 507, 1023
1, 508, 1023
1, 509, 1023
1, 508, 1023
1, 508, 1023
1, 508, 1023
1, 508, 1023
1, 508, 1023
1, 508, 1023
1, 508, 1023
1, 508, 1023
1, 508, 1023
1, 508, 1023
1, 508, 1023
1, 507, 1023
1, 508, 1023
1, 508, 1023
1, 508, 1023
1, 508, 1023
1, 508, 1023
1, 508, 1023
1, 507, 1023
1, 508, 1023
1, 508, 1023
1, 508, 1023
1, 508, 1023
1, 508, 1023
1, 508, 1023
1, 508, 1023
1, 508, 1023
1, 508, 1023
1, 508, 1023
1, 507, 1023
1, 508, 1023
1, 507, 1023
1, 507, 1023
1, 507, 1023
1, 506, 1023
1, 503, 1023
1, 502, 1023
1, 500, 1023
1, 498, 1023
1, 496, 1023
1, 494, 1023
1, 487, 1023
1, 470, 1023
1, 463, 1023
1, 461, 1023
1, 458, 1023
1, 448, 1023
1, 429, 1023
1, 421, 1023
1, 414, 1023
1, 403, 1023
1, 397, 1023
1, 390, 1023
1, 381, 1023
1, 376, 1023
1, 371, 1023
1, 364, 1023
1, 355, 1023
1, 348, 1023
1, 343, 1023
1, 337, 1023
1, 323, 1022
1, 314, 1021
1, 302, 1010
1, 297, 1012
1, 0, 0
1, 0, 0
1, 0, 0
1, 275, 0
1, 0, 0
1, 0, 0
1, 0, 0
1, 0, 0
1, 0, 0
1, 0, 0
1, 228, 970
1, 214, 642
1, 145, 0
1, 0, 0
1, 0, 0
1, 0, 0
1, 0, 0
1, 0, 0
1, 0, 0
1, 0, 3
1, 0, 0
1, 0, 0
1, 0, 0
1, 0, 0
1, 0, 0
1, 0, 0
1, 0, 0
1, 0, 0
1, 0, 0
1, 0, 0
1, 0, 0
1, 0, 0
1, 0, 0
1, 0, 0
1, 0, 0
1, 0, 0
1, 0, 0
1, 0, 0
1, 0, 0
1, 0, 0
1, 0, 0
1, 0, 0
1, 0, 0
1, 0, 0
1, 0, 0
1, 0, 0
1, 0, 0
1, 0, 0
1, 0, 0
1, 0, 0
1, 0, 0
1, 0, 0
1, 0, 0
1, 0, 0
1, 0, 0
1, 0, 0
1, 0, 0
1, 0, 0
1, 0, 0
1, 0, 0
1, 0, 0
1, 0, 0
1, 0, 0
1, 0, 1
1, 0, 0
1, 0, 0
1, 0, 0
1, 0, 0
1, 0, 0
1, 0, 0
1, 0, 0
1, 0, 0
1, 0, 0
1, 0, 0
1, 0, 0
1, 0, 0
1, 0, 0
1, 0, 0
1, 0, 0
1, 0, 0
1, 0, 0
1, 0, 0
1, 0, 0
1, 0, 0
1, 0, 0
1, 0, 1
1, 0, 0
1, 0, 0
1, 0, 0
1, 0, 0
1, 0, 0
1, 0, 0
1, 0, 0
1, 0, 2
1, 0, 0
1, 0, 0
1, 0, 0
1, 0, 0
1, 0, 0
1, 0, 661
1, 0, 1008
1, 0, 988
1, 0, 605
1, 0, 689
1, 0, 742
1, 0, 750
1, 0, 687
1, 0, 696
1, 0, 707
1, 0, 0
1, 0, 0
1, 0, 0
1, 0, 0
1, 0, 1
1, 0, 0
1, 0, 0
1, 0, 0
1, 0, 0
1, 0, 0
1, 0, 0
1, 0, 0
1, 0, 1
1, 0, 0
1, 0, 0
1, 0, 525
1, 0, 686
1, 0, 736
1, 0, 722
1, 0, 676
1, 0, 694
1, 0, 713
1, 0, 737
1, 0, 744
1, 0, 756
1, 0, 756
1, 0, 755
1, 0, 755
1, 0, 756
1, 0, 755
1, 0, 756
1, 0, 754
1, 0, 753
1, 0, 753
1, 0, 752
1, 0, 751
1, 0, 750
1, 0, 750
1, 0, 749
1, 0, 744
1, 0, 717
1, 0, 720
1, 0, 707
1, 0, 708
1, 0, 718
1, 0, 724
1, 0, 718
1, 0, 734
1, 0, 708
1, 0, 726
1, 0, 740
1, 0, 721
1, 0, 747
1, 0, 717
1, 0, 713
1, 0, 701
1, 0, 714
1, 0, 1007
1, 0, 642
1, 0, 1007
1, 0, 1018
1, 0, 4
1, 0, 1019
1, 0, 992
1, 0, 957
1, 0, 993
1, 0, 1001
1, 0, 972
1, 0, 816
1, 0, 1006
1, 0, 1013
1, 0, 1020
1, 0, 974
1, 0, 1019
1, 0, 1017
1, 0, 1014
1, 0, 955
1, 0, 997
1, 0, 1009
1, 0, 1016
1, 0, 1000
1, 0, 1018
1, 0, 1013
1, 0, 1009
1, 0, 1016
1, 0, 1018
1, 0, 1020
1, 0, 1019
1, 0, 1009
1, 0, 936
1, 0, 0
1, 0, 0
1, 0, 0
1, 0, 0
1, 0, 0
1, 0, 0
1, 0, 0
1, 0, 0
1, 0, 0
1, 0, 0
1, 0, 0
1, 0, 0
1, 0, 0
1, 0, 0
1, 0, 0
1, 0, 0
1, 0, 0
1, 0, 0
1, 0, 0
1, 0, 0
1, 0, 0
1, 0, 0
1, 0, 0
1, 0, 0
1, 0, 0
1, 0, 0
1, 0, 0
1, 0, 0
1, 0, 0
1, 0, 0
1, 0, 0
1, 0, 0
1, 0, 0
1, 0, 0
1, 0, 0
1, 0, 0
1, 0, 0
1, 0, 0
1, 0, 0
1, 0, 0
1, 0, 0
1, 0, 0
1, 0, 0
1, 0, 658
1, 0, 0
1, 0, 644
1, 0, 636
1, 0, 628
1, 0, 620
1, 0, 614
1, 0, 596
1, 0, 570
1, 0, 591
1, 0, 577
1, 0, 563
1, 0, 544
1, 0, 542
1, 0, 538
1, 0, 518
1, 0, 505
1, 0, 529
1, 0, 516
1, 0, 514
1, 0, 508
1, 0, 492
1, 0, 504
1, 0, 503
1, 0, 521
1, 0, 496
1, 0, 506
1, 0, 495
1, 0, 523
1, 0, 521
1, 0, 489
1, 0, 525
1, 0, 525
1, 0, 524
1, 0, 524
1, 0, 520
1, 0, 519
1, 0, 524
1, 0, 518
1, 0, 522
1, 0, 520
1, 0, 492
1, 0, 510
1, 0, 520
1, 0, 518
1, 0, 512
1, 0, 508
1, 0, 514
1, 0, 520
1, 0, 518
1, 0, 515
1, 0, 516
1, 0, 515
1, 0, 478
1, 0, 518
1, 0, 495
1, 0, 504
1, 0, 471
1, 0, 523
1, 0, 514
1, 0, 510
1, 0, 513
1, 0, 509
1, 0, 501
1, 0, 515
1, 0, 511
1, 0, 507
1, 0, 0
1, 0, 0
1, 0, 0
1, 0, 1
1, 0, 0
1, 0, 520
1, 0, 489
1, 0, 0
1, 0, 0
1, 0, 0
1, 0, 0
1, 0, 0
1, 0, 0
1, 0, 0
1, 0, 0
1, 0, 0
1, 0, 0
1, 0, 0
1, 0, 0
1, 0, 0
1, 0, 0
1, 0, 0
1, 0, 0
1, 0, 0
1, 0, 0
1, 0, 0
1, 0, 0
1, 0, 0
1, 0, 0
1, 0, 526
1, 0, 523
1, 0, 524
1, 0, 517
1, 0, 0
1, 0, 0
1, 0, 0
1, 0, 0
1, 0, 0
1, 0, 0
1, 0, 0
1, 0, 0
1, 0, 0
1, 0, 0
1, 0, 0
1, 0, 0
1, 0, 0
1, 0, 0
1, 0, 0
1, 0, 0
1, 0, 0
1, 0, 0
1, 0, 0
1, 0, 0
1, 0, 0
1, 0, 0
1, 0, 0
1, 0, 0
1, 0, 0
1, 0, 0
1, 0, 0
1, 0, 0
1, 0, 0
1, 0, 0
1, 0, 0
1, 0, 0
1, 0, 0
1, 0, 0
1, 0, 0
1, 0, 0
1, 0, 0
1, 0, 0
1, 0, 0
1, 0, 0
1, 0, 0
1, 0, 0
1, 0, 0
1, 0, 0
1, 0, 0
1, 0, 0
1, 0, 0
1, 0, 0
1, 0, 0
1, 0, 0
1, 0, 0
1, 0, 0
1, 0, 0
1, 0, 0
1, 0, 0
1, 0, 0
1, 0, 0
1, 0, 0
1, 0, 0
1, 0, 0
1, 0, 0
1, 0, 0
1, 0, 0
1, 0, 0
1, 0, 0
1, 0, 0
1, 0, 0
1, 0, 0
1, 0, 0
1, 0, 0
1, 0, 0
1, 0, 0
1, 0, 0
1, 0, 0
1, 0, 0
1, 0, 0
1, 0, 0
1, 0, 0
1, 0, 0
1, 0, 0
1, 0, 0
1, 0, 0
1, 0, 0
1, 0, 0
1, 0, 0
1, 0, 0
1, 0, 0
1, 0, 0
1, 0, 0
1, 0, 0
1, 0, 0
1, 0, 0
1, 0, 0
1, 0, 0
1, 0, 0
1, 0, 0
1, 0, 0
1, 0, 0
1, 0, 0
1, 0, 0
1, 0, 0
1, 0, 0
1, 0, 0
1, 0, 0
1, 0, 0
1, 0, 0
1, 0, 0
1, 0, 0
1, 0, 0
1, 0, 0
1, 0, 0
1, 0, 0
1, 0, 0
1, 0, 0
1, 0, 0
1, 0, 0
1, 0, 0
1, 0, 0
1, 0, 0
1, 0, 0
1, 0, 0
1, 0, 0
1, 0, 0
1, 0, 0
1, 0, 0
1, 0, 0
1, 0, 0
1, 0, 0
1, 0, 0
1, 0, 0
1, 0, 0
1, 0, 0
1, 0, 0
1, 0, 0
1, 0, 0
1, 0, 0
1, 0, 0
1, 0, 0
1, 0, 0
1, 0, 0
1, 0, 0
1, 0, 0
1, 0, 0
1, 0, 0
1, 0, 0
1, 0, 53
1, 0, 46
1, 0, 40
1, 0, 37
1, 0, 33
1, 0, 19
1, 0, 10
1, 0, 5
1, 0, 3
1, 0, 1
1, 0, 0
1, 0, 0
1, 0, 0
1, 0, 0
1, 0, 0
1, 0, 0
1, 0, 0
1, 0, 0
1, 0, 0
1, 0, 0
1, 0, 0
1, 0, 0
1, 0, 0
1, 0, 0
1, 0, 0
1, 0, 0
1, 0, 0
1, 0, 0
1, 0, 0
1, 0, 0
1, 0, 0
1, 0, 0
1, 0, 0
1, 0, 0
1, 0, 0
1, 0, 0
1, 0, 0
1, 0, 0
1, 0, 0
1, 0, 0
1, 0, 0
1, 0, 0
1, 0, 0
1, 0, 0
1, 0, 0
1, 0, 0
1, 0, 0
1, 0, 0
1, 0, 0
1, 0, 0
1, 0, 0
1, 0, 0
1, 0, 0
1, 0, 0
1, 0, 0
1, 0, 0
1, 0, 0
1, 0, 0
1, 0, 0
1, 0, 0
1, 0, 0
1, 0, 0
1, 0, 0
1, 0, 0
1, 0, 0
1, 0, 0
1, 0, 0
1, 0, 0
1, 0, 0
1, 0, 0
1, 0, 0
1, 0, 0
1, 0, 0
1, 0, 0
1, 0, 0
1, 0, 0
1, 0, 0
1, 0, 0
1, 0, 0
1, 0, 0
1, 0, 0
1, 0, 0
1, 0, 0
1, 0, 0
1, 0, 0
1, 0, 0
1, 0, 0
1, 0, 0
1, 0, 0
1, 0, 0
1, 0, 0
1, 0, 0
1, 0, 0
1, 0, 0
1, 0, 0
1, 0, 0
1, 0, 0
1, 0, 0
1, 0, 0
1, 2, 0
1, 5, 0
1, 11, 0
1, 20, 0
1, 36, 0
1, 46, 0
1, 52, 0
1, 67, 0
1, 82, 0
1, 96, 0
1, 108, 0
1, 124, 0
1, 144, 0
1, 154, 0
1, 173, 0
1, 182, 0
1, 192, 0
1, 204, 0
1, 226, 0
1, 242, 0
1, 259, 0
1, 269, 0
1, 277, 0
1, 292, 0
1, 299, 0
1, 309, 0
1, 318, 0
1, 331, 0
1, 341, 0
1, 347, 0
1, 358, 0
1, 369, 0
1, 380, 0
1, 395, 0
1, 414, 0
1, 427, 0
1, 457, 0
1, 462, 0
1, 489, 0
1, 497, 0
1, 501, 0
1, 504, 0
1, 506, 0
1, 507, 0
1, 507, 0
1, 508, 0
1, 507, 0
1, 508, 0
1, 508, 0
1, 508, 0
1, 508, 0
1, 508, 0
1, 508, 0
1, 508, 0
1, 508, 0
1, 508, 0
1, 508, 0
1, 508, 0
1, 508, 0
1, 508, 0
1, 508, 0
1, 508, 0
1, 508, 0
1, 507, 0
1, 508, 0
1, 507, 0
1, 508, 0
1, 508, 0
1, 508, 0
1, 508, 0
1, 507, 0
1, 508, 0
1, 508, 0
1, 507, 0
1, 508, 0
1, 508, 0
1, 508, 0
1, 508, 0
1, 508, 0
1, 508, 0
1, 508, 0
1, 508, 0
1, 508, 0
1, 508, 0
1, 508, 0
1, 508, 0
1, 508, 0
1, 508, 0
1, 508, 0
1, 508, 0
1, 508, 0
1, 508, 0
1, 508, 0
1, 508, 0
1, 508, 0
1, 508, 0
1, 508, 0
1, 508, 0
1, 508, 0
1, 508, 0
1, 508, 0
1, 508, 0
1, 508, 0
1, 508, 0
1, 508, 0
1, 508, 0
1, 508, 0
1, 508, 0
1, 509, 0
1, 507, 0
1, 507, 0
1, 508, 0
1, 508, 0
1, 508, 0
1, 508, 0
1, 507, 0
1, 508, 0
1, 507, 0
1, 507, 0
1, 508, 0
1, 508, 0
1, 508, 0
1, 508, 0
1, 508, 0
1, 508, 0
1, 507, 0
1, 508, 0
1, 508, 0
1, 508, 0
1, 508, 0
1, 508, 0
1, 508, 0
1, 507, 0
1, 508, 0
1, 508, 0
1, 508, 0
1, 508, 0
1, 508, 0
1, 508, 0
1, 507, 0
1, 510, 0
1, 508, 0
1, 508, 0
1, 508, 0
1, 509, 0
1, 510, 0
1, 512, 0
1, 513, 0
1, 515, 0
1, 518, 0
1, 522, 0
1, 530, 0
1, 569, 0
1, 579, 0
1, 588, 0
1, 596, 0
1, 602, 0
1, 607, 0
1, 612, 0
1, 624, 0
1, 638, 0
1, 647, 0
1, 660, 0
1, 672, 0
1, 682, 0
1, 688, 0
1, 700, 0
1, 709, 0
1, 717, 0
1, 728, 0
1, 742, 0
1, 756, 0
1, 773, 0
1, 784, 0
1, 795, 0
1, 809, 0
1, 820, 0
1, 825, 0
1, 836, 0
1, 848, 0
1, 859, 0
1, 865, 0
1, 874, 0
1, 883, 0
1, 892, 0
1, 897, 0
1, 903, 0
1, 910, 0
1, 923, 0
1, 929, 0
1, 936, 0
1, 945, 0
1, 953, 0
1, 958, 0
1, 961, 0
1, 980, 0
1, 996, 0
1, 1000, 0
1, 1002, 0
1, 1007, 0
1, 1011, 0
1, 1015, 0
1, 1016, 0
1, 1018, 0
1, 1018, 0
1, 1019, 0
1, 1019, 0
1, 1021, 0
1, 1022, 0
1, 1022, 0
1, 1023, 0
1, 1023, 0
1, 1023, 0
1, 1023, 0
1, 1023, 0
1, 1023, 0
1, 1023, 0
1, 1023, 0
1, 1023, 0
1, 1023, 0
1, 1023, 0
1, 1023, 0
1, 1022, 0
1, 1023, 0
1, 1023, 0
1, 1023, 0
1, 1023, 0
1, 1023, 0
1, 1023, 0
1, 1023, 0
1, 1023, 0
1, 1023, 0
1, 1023, 0
1, 1023, 0
1, 1023, 0
1, 1023, 0
1, 1023, 0
1, 1023, 0
1, 1022, 0
1, 1022, 0
1, 1023, 0
1, 1023, 0
1, 1023, 0
1, 1023, 0
1, 1023, 0
1, 1023, 0
1, 1023, 0
1, 1023, 0
1, 1023, 0
1, 1023, 0
1, 1023, 0
1, 1023, 0
1, 1023, 0
1, 1023, 0
1, 1023, 0
1, 1023, 0
1, 1023, 0
1, 1023, 0
1, 1023, 0
1, 1023, 0
1, 1023, 0
1, 1023, 0
1, 1023, 0
1, 1023, 0
1, 1023, 0
1, 1023, 0
1, 1023, 0
1, 1023, 0
1, 1023, 0
1, 1023, 0
1, 1023, 0
1, 1023, 0
1, 1023, 0
1, 1023, 0
1, 1023, 0
1, 1023, 0
1, 1023, 0
1, 1023, 0
1, 1022, 0
1, 1023, 0
1, 1023, 0
1, 1023, 0
1, 1023, 0
1, 1023, 0
1, 1023, 0
1, 1023, 0
1, 1022, 0
1, 1023, 0
1, 1023, 0
1, 1023, 0
1, 1023, 0
1, 1023, 0
1, 1023, 0
1, 1023, 0
1, 1022, 0
1, 1023, 0
1, 1023, 0
1, 1023, 0
1, 1023, 0
1, 1023, 0
1, 1023, 0
1, 1023, 0
1, 1022, 0
1, 1023, 0
1, 1023, 0
1, 1023, 0
1, 1023, 0
1, 1023, 0
1, 1023, 0
1, 1023, 0
1, 1023, 0
1, 1023, 0
1, 1023, 0
1, 1023, 0
1, 1023, 0
1, 1023, 2
1, 1022, 8
1, 1023, 30
1, 1023, 41
1, 1022, 50
1, 1023, 67
1, 1022, 79
1, 1022, 83
1, 1023, 96
1, 1023, 99
1, 1022, 106
1, 1023, 111
1, 1023, 126
1, 1023, 130
1, 1023, 138
1, 1023, 145
1, 1023, 156
1, 1023, 173
1, 1022, 181
1, 1022, 187
1, 1023, 196
1, 1023, 202
1, 1023, 212
1, 1023, 218
1, 1023, 226
1, 1023, 229
1, 1023, 234
1, 1023, 239
1, 1023, 247
1, 1023, 253
1, 1023, 261
1, 1023, 268
1, 1023, 276
1, 1023, 287
1, 1022, 294
1, 1023, 302
1, 1023, 312
1, 1023, 316
1, 1023, 323
1, 1023, 327
1, 1023, 330
1, 1023, 332
1, 1023, 338
1, 1023, 342
1, 1023, 347
1, 1023, 354
1, 1023, 359
1, 1023, 365
1, 1023, 369
1, 1023, 372
1, 1023, 376
1, 1022, 383
1, 1023, 391
1, 1023, 403
1, 1023, 413
1, 1023, 420
1, 1023, 430
1, 1023, 443
1, 1023, 452
1, 1023, 463
1, 1023, 474
1, 1023, 483
1, 1023, 509
1, 1023, 521
1, 1023, 525
1, 1023, 527
1, 1023, 527
1, 1023, 528
1, 1022, 527
1, 1023, 528
1, 1023, 528
1, 1023, 527
1, 1023, 527
1, 1023, 527
1, 1023, 528
1, 1022, 527
1, 1023, 528
1, 1023, 527
1, 1023, 528
1, 1023, 528
1, 1023, 527
1, 1023, 528
1, 1023, 527
1, 1023, 527
1, 1022, 528
1, 1022, 528
1, 1023, 528
1, 1023, 528
1, 1023, 528
1, 1023, 527
1, 1023, 528
1, 1023, 528
1, 1023, 527
1, 1023, 528
1, 1023, 528
1, 1023, 528
1, 1023, 527
1, 1023, 528
1, 1023, 527
1, 1023, 527
1, 1022, 527
1, 1023, 528
1, 1023, 529
1, 1023, 528
1, 1023, 528
1, 1023, 528
1, 1023, 528
1, 1023, 528
1, 1022, 527
1, 1023, 528
1, 1023, 527
1, 1023, 527
1, 1023, 527
1, 1023, 527
1, 1023, 528
1, 1023, 528
1, 1022, 528
1, 1023, 528
1, 1023, 527
1, 1023, 528
1, 1023, 527
1, 1023, 527
1, 1023, 528
1, 1023, 528
1, 1023, 527
1, 1023, 528
1, 1023, 528
1, 1023, 527
1, 1023, 528
1, 1023, 528
1, 1023, 527
1, 1023, 528
1, 1023, 527
1, 1023, 528
1, 1023, 528
1, 1023, 527
1, 1023, 528
1, 1022, 528
1, 1023, 528
1, 1023, 527
1, 1023, 528
1, 1023, 527
1, 1023, 528
1, 1023, 528
1, 1023, 528
1, 1023, 527
1, 1023, 528
1, 1023, 527
1, 1023, 528
1, 1023, 528
1, 1023, 527
1, 1023, 527
1, 1023, 528
1, 1023, 528
1, 1023, 528
1, 1023, 528
1, 1023, 528
1, 1023, 527
1, 1023, 528
1, 1023, 528
1, 1023, 528
1, 1023, 527
1, 1023, 528
1, 1023, 528
1, 1022, 527
1, 1023, 528
1, 1023, 527
1, 1023, 528
1, 1023, 528
1, 1023, 528
1, 1023, 528
1, 1023, 528
1, 1023, 527
1, 1023, 527
1, 1023, 528
1, 1023, 528
1, 1023, 528
1, 1023, 528
1, 1023, 527
1, 1023, 528
1, 1023, 528
1, 1023, 528
1, 1023, 527
1, 1023, 527
1, 1023, 527
1, 1023, 528
1, 1023, 528
1, 1023, 528
1, 1023, 528
1, 1023, 528
1, 1023, 528
1, 1023, 529
1, 1023, 527
1, 1022, 528
1, 1023, 528
1, 1023, 528
1, 1022, 528
1, 1023, 528
1, 1023, 528
1, 1023, 528
1, 1023, 528
1, 1023, 528
1, 1023, 527
1, 1023, 528
1, 1023, 527
1, 1023, 527
1, 1023, 528
1, 1023, 527
1, 1023, 528
1, 1023, 528
1, 1023, 528
1, 1023, 528
1, 1022, 528
1, 1023, 530
1, 1023, 530
1, 1023, 530
1, 1023, 532
1, 1023, 535
1, 1023, 542
1, 1023, 550
1, 1023, 555
1, 1023, 561
1, 1023, 573
1, 1023, 580
1, 1023, 582
1, 1023, 591
1, 1023, 593
1, 1023, 598
1, 1022, 604
1, 1023, 605
1, 1023, 607
1, 1023, 608
1, 1023, 610
1, 1023, 613
1, 1023, 616
1, 1023, 620
1, 1023, 624
1, 1023, 624
1, 1023, 627
1, 1023, 630
1, 1023, 634
1, 1023, 639
1, 1023, 642
1, 1023, 648
1, 1023, 653
1, 1023, 658
1, 1023, 663
1, 1023, 669
1, 1023, 671
1, 1023, 678
1, 1023, 681
1, 1023, 685
1, 1023, 690
1, 1023, 693
1, 1023, 700
1, 1023, 706
1, 1023, 712
1, 1023, 719
1, 1023, 725
1, 1023, 728
1, 1023, 732
1, 1023, 737
1, 1023, 742
1, 1023, 751
1, 1023, 758
1, 1023, 766
1, 1023, 770
1, 1023, 777
1, 1023, 785
1, 1023, 798
1, 1023, 806
1, 1023, 814
1, 1023, 825
1, 1023, 836
1, 1023, 845
1, 1023, 858
1, 1022, 872
1, 1023, 883
1, 1023, 897
1, 1023, 906
1, 1023, 913
1, 1023, 923
1, 1023, 930
1, 1023, 940
1, 1023, 957
1, 1023, 967
1, 1023, 983
1, 1023, 1004
1, 1023, 1016
1, 1023, 1020
1, 1023, 1021
1, 1023, 1022
1, 1023, 1023
1, 1023, 1023
1, 1023, 1022
1, 1023, 1023
1, 1023, 1023
1, 1023, 1023
1, 1023, 1023
1, 1023, 1023
1, 1023, 1023
1, 1023, 1023
1, 1023, 1023
1, 1023, 1023
1, 1023, 1023
1, 1022, 1023
1, 1023, 1023
1, 1023, 1023
1, 1023, 1023
1, 1023, 1023
1, 1023, 1023
1, 1023, 1023
1, 1023, 1023
1, 1023, 1023
1, 1023, 1023
1, 1023, 1023
1, 1023, 1023
1, 1023, 1023
1, 1023, 1023
1, 1023, 1023
1, 1023, 1023
1, 1023, 1023
1, 1023, 1023
1, 1023, 1023
1, 1023, 1023
1, 1023, 1023
1, 1023, 1022
1, 1023, 1023
1, 1023, 1022
1, 1023, 1023
1, 1023, 1023
1, 1023, 1023
1, 1023, 1023
1, 1023, 1023
1, 1023, 1023
1, 1023, 1023
1, 1023, 1023
1, 1023, 1023
1, 1023, 1023
1, 1023, 1023
1, 1022, 1023
1, 1023, 1023
1, 1023, 1023
1, 1023, 1023
1, 1023, 1023
1, 1023, 1023
1, 1023, 1023
1, 1023, 1023
1, 1023, 1023
1, 1023, 1023
1, 1023, 1023
1, 1023, 1023
1, 1023, 1023
1, 1023, 1023
1, 1023, 1023
1, 1023, 1023
1, 1022, 1023
1, 1023, 1023
1, 1023, 1022
1, 1023, 1023
1, 1023, 1023
1, 1023, 1023
1, 1023, 1023
1, 1023, 1023
1, 1023, 1023
1, 1023, 1023
1, 1023, 1023
1, 1023, 1023
1, 1023, 1023
1, 1023, 1023
1, 1023, 1023
1, 1023, 1023
1, 1023, 1023
1, 1023, 1023
1, 1023, 1023
1, 1023, 1022
1, 1023, 1023
1, 1023, 1023
1, 1023, 1023
1, 1023, 1022
1, 1023, 1023
1, 1023, 1023
1, 1023, 1023
1, 1023, 1023
1, 1023, 1023
1, 1023, 1023
1, 1023, 1023
1, 1023, 1023
1, 1023, 1023
1, 1023, 1023
1, 1023, 1022
1, 1023, 1022
1, 1023, 1023
1, 1023, 1023
1, 1023, 1023
1, 1023, 1023
1, 1023, 1023
1, 1023, 1023
1, 1023, 1023
1, 1023, 1023
1, 1023, 1023
1, 1022, 1023
1, 1023, 1023
1, 1023, 1023
1, 1023, 1023
1, 1023, 1023
1, 1023, 1023
1, 1023, 1023
1, 1023, 1023
1, 1023, 1022
1, 1023, 1023
1, 1023, 1023
1, 1023, 1023
1, 1023, 1023
1, 1023, 1023
1, 1023, 1023
1, 1023, 1023
1, 1023, 1023
1, 1023, 1023
1, 1023, 1023
1, 1023, 1023
1, 1023, 1023
1, 1023, 1022
1, 1023, 1023
1, 1023, 1023
1, 1023, 1023
1, 1023, 1023
1, 1023, 1023
1, 1023, 1023
1, 1023, 1022
1, 1023, 1023
1, 1023, 1023
1, 1023, 1023
1, 1023, 1023
1, 1023, 1023
1, 1023, 1023
1, 1023, 1023
1, 1023, 1023
1, 1023, 1023
1, 1023, 1023
1, 1023, 1023
1, 1023, 1023
1, 1023, 1023
1, 1023, 1023
1, 1023, 1022
1, 1023, 1023
1, 1022, 1023
1, 1022, 1023
1, 1022, 1023
1, 1021, 1023
1, 1020, 1023
1, 1019, 1023
1, 1018, 1023
1, 1017, 1023
1, 1015, 1022
1, 1008, 1023
1, 1003, 1023
1, 996, 1023
1, 975, 1023
1, 958, 1023
1, 955, 1023
1, 947, 1023
1, 938, 1023
1, 929, 1023
1, 924, 1023
1, 914, 1023
1, 911, 1023
1, 908, 1023
1, 900, 1023
1, 898, 1023
1, 895, 1023
1, 888, 1023
1, 881, 1023
1, 874, 1023
1, 869, 1022
1, 864, 1023
1, 861, 1023
1, 856, 1023
1, 849, 1023
1, 840, 1023
1, 834, 1023
1, 828, 1023
1, 826, 1023
1, 824, 1023
1, 821, 1022
1, 819, 1023
1, 814, 1023
1, 807, 1023
1, 801, 1023
1, 797, 1023
1, 792, 1023
1, 789, 1023
1, 786, 1023
1, 777, 1023
1, 773, 1023
1, 768, 1023
1, 761, 1023
1, 755, 1023
1, 748, 1023
1, 741, 1023
1, 734, 1023
1, 728, 1023
1, 723, 1023
1, 720, 1023
1, 717, 1023
1, 712, 1023
1, 708, 1023
1, 704, 1023
1, 701, 1023
1, 694, 1023
1, 688, 1023
1, 684, 1023
1, 680, 1023
1, 677, 1023
1, 671, 1022
1, 664, 1023
1, 655, 1023
1, 649, 1023
1, 644, 1023
1, 639, 1023
1, 634, 1023
1, 630, 1023
1, 621, 1023
1, 615, 1022
1, 612, 1023
1, 606, 1023
1, 604, 1023
1, 602, 1023
1, 601, 1023
1, 598, 1023
1, 593, 1023
1, 590, 1022
1, 586, 1023
1, 582, 1023
1, 576, 1023
1, 569, 1023
1, 556, 1023
1, 537, 1023
1, 530, 1023
1, 527, 1022
1, 524, 1023
1, 522, 1023
1, 520, 1023
1, 520, 1023
1, 519, 1023
1, 518, 1023
1, 518, 1023
1, 518, 1023
1, 518, 1023
1, 516, 1023
1, 516, 1023
1, 516, 1023
1, 516, 1023
1, 515, 1023
1, 513, 1023
1, 514, 1023
1, 513, 1023
1, 513, 1023
1, 513, 1023
1, 513, 1023
1, 513, 1023
1, 512, 1023
1, 512, 1023
1, 511, 1023
1, 511, 1023
1, 511, 1023
1, 511, 1023
1, 511, 1023
1, 511, 1023
1, 511, 1023
1, 511, 1023
1, 511, 1023
1, 511, 1023
1, 511, 1023
1, 511, 1023
1, 511, 1023
1, 511, 1023
1, 512, 1023
1, 511, 1023
1, 511, 1023
1, 510, 1023
1, 510, 1023
1, 510, 1023
1, 510, 1023
1, 511, 1023
1, 510, 1023
1, 510, 1023
1, 509, 1022
1, 509, 1023
1, 509, 1023
1, 509, 1023
1, 509, 1023
1, 509, 1023
1, 508, 1023
1, 508, 1023
1, 509, 1023
1, 508, 1023
1, 508, 1023
1, 508, 1023
1, 508, 1023
1, 508, 1023
1, 508, 1023
1, 508, 1023
1, 508, 1023
1, 508, 1023
1, 508, 1023
1, 507, 1023
1, 508, 1023
1, 508, 1023
1, 508, 1023
1, 508, 1023
1, 508, 1023
1, 507, 1022
1, 508, 1023
1, 508, 1023
1, 508, 1023
1, 508, 1023
1, 507, 1023
1, 508, 1023
1, 508, 1023
1, 508, 1023
1, 508, 1023
1, 508, 1023
1, 508, 1023
1, 508, 1023
1, 508, 1023
1, 508, 1023
1, 508, 1023
1, 508, 1023
1, 507, 1023
1, 508, 1023
1, 508, 1023
1, 508, 1023
1, 508, 1023
1, 508, 1023
1, 508, 1022
1, 508, 1023
1, 508, 1023
1, 508, 1023
1, 508, 1023
1, 508, 1023
1, 508, 1023
1, 508, 1023
1, 509, 1023
1, 508, 1023
1, 508, 1023
1, 508, 1023
1, 508, 1023
1, 508, 1023
1, 508, 1023
1, 508, 1023
1, 508, 1022
1, 508, 1023
1, 508, 1023
1, 508, 1023
1, 508, 1023
1, 508, 1023
1, 508, 1023
1, 508, 1023
1, 508, 1023
1, 508, 1023
1, 507, 1023
1, 508, 1023
1, 508, 1023
1, 508, 1023
1, 508, 1023
1, 508, 1023
1, 508, 1023
1, 508, 1023
1, 508, 1023
1, 508, 1023
1, 508, 1023
1, 508, 1023
1, 508, 1023
1, 508, 1023
1, 509, 1023
1, 508, 1023
1, 508, 1023
1, 508, 1023
1, 508, 1023
1, 508, 1023
1, 508, 1023
1, 508, 1023
1, 508, 1022
1, 508, 1023
1, 508, 1023
1, 508, 1023
1, 508, 1023
1, 508, 1023
1, 508, 1023
1, 508, 1023
1, 508, 1023
1, 508, 1023
1, 508, 1023
1, 508, 1023
1, 508, 1023
1, 508, 1023
1, 509, 1023
1, 507, 1023
1, 508, 1022
1, 508, 1022
1, 508, 1023
1, 508, 1023
1, 507, 1023
1, 508, 1023
1, 508, 1023
1, 508, 1023
1, 508, 1022
1, 508, 1023
1, 508, 1023
1, 508, 1023
1, 508, 1023
1, 508, 1023
1, 508, 1023
1, 508, 1023
1, 507, 1023
1, 508, 1023
1, 508, 1023
1, 508, 1023
1, 508, 1023
1, 508, 1023
1, 508, 1023
1, 507, 1023
1, 508, 1023
1, 508, 1023
1, 508, 1023
1, 508, 1023
1, 508, 1022
1, 508, 1023
1, 508, 1023
1, 508, 1023
1, 508, 1023
1, 508, 1023
1, 508, 1023
1, 508, 1023
1, 508, 1023
1, 508, 1023
1, 508, 1023
1, 509, 1023
1, 507, 1023
1, 508, 1023
1, 508, 1023
1, 508, 1023
1, 508, 1023
1, 509, 1023
1, 508, 1023
1, 508, 1023
1, 508, 1023
1, 508, 1023
1, 508, 1023
1, 508, 1023
1, 508, 1023
1, 508, 1023
1, 508, 1023
1, 508, 1023
1, 508, 1023
1, 508, 1023
1, 508, 1023
1, 508, 1023
1, 508, 1023
1, 508, 1023
1, 508, 1023
1, 508, 1023
1, 508, 1022
1, 508, 1023
1, 508, 1023
1, 508, 1023
1, 508, 1023
1, 508, 1023
1, 507, 1023
1, 508, 1023
1, 508, 1023
1, 508, 1023
1, 508, 1023
1, 507, 1023
1, 508, 1023
1, 508, 1023
1, 508, 1023
1, 508, 1023
1, 508, 1022
1, 508, 1023
1, 508, 1023
1, 508, 1023
1, 508, 1023
1, 508, 1023
1, 508, 1023
1, 508, 1023
1, 508, 1023
1, 508, 1022
1, 509, 1023
1, 507, 1023
1, 508, 1023
1, 507, 1023
1, 508, 1023
1, 508, 1023
1, 508, 1023
1, 508, 1023
1, 508, 1023
1, 507, 1023
1, 508, 1023
1, 508, 1023
1, 508, 1023
1, 508, 1023
1, 508, 997
1, 507, 911
1, 508, 839
1, 508, 759
1, 508, 672
1, 509, 585
1, 508, 530
1, 508, 527
1, 508, 525
1, 506, 527
1, 507, 528
1, 508, 527
1, 507, 527
1, 507, 527
1, 508, 527
1, 507, 527
1, 508, 527
1, 507, 528
1, 507, 527
1, 508, 527
1, 508, 527
1, 508, 527
1, 507, 527
1, 508, 527
1, 508, 528
1, 507, 528
1, 508, 528
1, 508, 528
1, 508, 527
1, 507, 528
1, 508, 527
1, 508, 528
1, 508, 527
1, 508, 528
1, 508, 528
1, 508, 527
1, 508, 527
1, 508, 528
1, 508, 527
1, 508, 528
1, 508, 528
1, 507, 528
1, 507, 527
1, 508, 527
1, 508, 528
1, 508, 527
1, 508, 527
1, 508, 527
1, 508, 527
1, 508, 528
1, 508, 528
1, 507, 528
1, 507, 527
1, 507, 528
1, 508, 528
1, 508, 528
1, 508, 528
1, 507, 527
1, 508, 528
1, 508, 528
1, 508, 528
1, 508, 527
1, 508, 527
1, 507, 528
1, 508, 527
1, 508, 527
1, 508, 527
1, 508, 527
1, 508, 528
1, 508, 528
1, 508, 527
1, 508, 528
1, 508, 527
1, 507, 527
1, 508, 528
1, 508, 527
1, 508, 527
1, 509, 527
1, 507, 527
1, 508, 527
1, 508, 528
1, 508, 527
1, 507, 527
1, 508, 527
1, 508, 527
1, 508, 527
1, 508, 528
1, 508, 528
1, 508, 528
1, 508, 527
1, 507, 527
1, 508, 527
1, 508, 528
1, 507, 527
1, 508, 527
1, 507, 528
1, 508, 527
1, 508, 527
1, 508, 528
1, 508, 528
1, 508, 527
1, 508, 528
1, 508, 527
1, 507, 527
1, 507, 527
1, 508, 527
1, 508, 528
1, 508, 528
1, 509, 527
1, 507, 528
1, 508, 528
1, 507, 527
1, 508, 528
1, 508, 527
1, 508, 528
1, 507, 528
1, 507, 527
1, 508, 527
1, 508, 527
1, 508, 527
1, 508, 527
1, 508, 527
1, 508, 528
1, 508, 527
1, 508, 527
1, 508, 527
1, 508, 528
1, 508, 527
1, 507, 528
1, 508, 527
1, 508, 528
1, 508, 527
1, 508, 528
1, 508, 527
1, 508, 527
1, 508, 528
1, 508, 527
1, 507, 529
1, 508, 527
1, 508, 527
1, 508, 527
1, 508, 527
1, 508, 528
1, 508, 527
1, 508, 527
1, 508, 528
1, 508, 527
1, 508, 527
1, 507, 527
1, 508, 528
1, 508, 527
1, 508, 528
1, 508, 530
1, 508, 527
1, 508, 528
1, 508, 528
1, 508, 527
1, 508, 527
1, 508, 527
1, 508, 528
1, 508, 527
1, 508, 527
1, 508, 528
1, 508, 528
1, 508, 528
1, 508, 527
1, 508, 528
1, 508, 528
1, 507, 528
1, 508, 527
1, 508, 528
1, 509, 527
1, 507, 527
1, 507, 527
1, 508, 527
1, 508, 528
1, 508, 527
1, 508, 527
1, 508, 528
1, 508, 527
1, 507, 527
1, 508, 527
1, 507, 528
1, 508, 527
1, 508, 527
1, 508, 527
1, 508, 528
1, 508, 527
1, 508, 527
1, 507, 529
1, 508, 527
1, 508, 527
1, 507, 527
1, 508, 528
1, 508, 528
1, 508, 527
1, 508, 527
1, 508, 527
1, 508, 527
1, 508, 527
1, 508, 527
1, 508, 527
1, 508, 528
1, 507, 527
1, 507, 527
1, 507, 527
1, 507, 528
1, 507, 527
1, 508, 527
1, 508, 527
1, 507, 527
1, 508, 527
1, 507, 527
1, 508, 527
1, 508, 527
1, 507, 527
1, 507, 527
1, 507, 528
1, 507, 528
1, 508, 527
1, 507, 527
1, 508, 527
1, 508, 527
1, 508, 527
1, 508, 527
1, 508, 527
1, 508, 527
1, 507, 527
1, 508, 527
1, 507, 527
1, 507, 527
1, 507, 527
1, 507, 526
1, 508, 527
1, 508, 527
1, 508, 527
1, 507, 527
1, 508, 527
1, 508, 527
1, 508, 527
1, 508, 527
1, 507, 527
1, 508, 528
1, 507, 527
1, 508, 527
1, 507, 527
1, 508, 527
1, 508, 527
1, 508, 528
1, 508, 528
1, 508, 528
1, 508, 527
1, 508, 528
1, 507, 527
1, 507, 528
1, 508, 527
1, 508, 527
1, 508, 527
1, 508, 528
1, 508, 527
1, 507, 527
1, 508, 527
1, 507, 527
1, 508, 528
1, 508, 527
1, 507, 528
1, 508, 527
1, 508, 528
1, 508, 527
1, 507, 527
1, 508, 527
1, 508, 528
1, 508, 526
1, 508, 528
1, 508, 527
1, 508, 527
1, 508, 528
1, 508, 527
1, 508, 528
1, 508, 528
1, 508, 528
1, 508, 527
1, 507, 528
1, 508, 528
1, 507, 527
1, 508, 527
1, 507, 527
1, 508, 527
1, 508, 527
1, 508, 527
1, 508, 528
1, 508, 528
1, 508, 527
1, 508, 527
1, 508, 527
1, 508, 527
1, 507, 528
1, 507, 528
1, 508, 528
1, 508, 527
1, 507, 527
1, 508, 527
1, 507, 528
1, 508, 527
1, 508, 528
1, 508, 527
1, 507, 528
1, 507, 527
1, 507, 527
1, 508, 527
1, 508, 528
1, 508, 527
1, 508, 527
1, 508, 527
1, 508, 528
1, 508, 527
1, 508, 528
1, 508, 527
1, 508, 528
1, 508, 527
1, 508, 528
1, 508, 528
1, 509, 528
1, 508, 528
1, 508, 528
1, 508, 527
1, 508, 527
1, 508, 528
1, 508, 528
1, 508, 528
1, 508, 528
1, 508, 528
1, 507, 527
1, 508, 529
1, 508, 528
1, 508, 528
1, 508, 528
1, 508, 527
1, 508, 528
1, 508, 528
1, 508, 527
1, 507, 528
1, 508, 527
1, 508, 527
1, 508, 527
1, 508, 527
1, 508, 527
1, 507, 528
1, 508, 528
1, 508, 527
1, 508, 527
1, 508, 527
1, 508, 527
1, 508, 527
1, 508, 528
1, 508, 527
1, 507, 527
1, 507, 527
1, 507, 527
1, 509, 527
1, 508, 528
1, 507, 529
1, 508, 527
1, 508, 528
1, 508, 527
1, 508, 527
1, 507, 527
1, 508, 528
1, 508, 527
1, 507, 528
1, 508, 527
1, 507, 527
1, 507, 529
1, 508, 527
1, 508, 527
1, 507, 527
1, 508, 527
1, 508, 527
1, 508, 528
1, 508, 528
1, 508, 527
1, 508, 528
1, 508, 527
1, 508, 528
1, 508, 527
1, 507, 527
1, 508, 528
1, 508, 527
1, 508, 529
1, 507, 527
1, 508, 528
1, 507, 528
1, 508, 528
1, 508, 528
1, 507, 527
1, 507, 527
1, 508, 527
1, 508, 527
1, 508, 528
1, 508, 527
1, 508, 527
1, 508, 527
1, 507, 527
1, 508, 527
1, 508, 528
1, 508, 527
1, 508, 527
1, 508, 528
1, 508, 527
1, 508, 528
1, 508, 527
1, 508, 527
1, 508, 528
1, 508, 528
1, 507, 527
1, 508, 527
1, 508, 528
1, 508, 528
1, 508, 527
1, 508, 527
1, 508, 528
1, 508, 528
1, 508, 527
1, 508, 527
1, 508, 526
1, 508, 527
1, 508, 528
1, 508, 528
1, 507, 527
1, 508, 528
1, 508, 528
1, 508, 528
1, 507, 528
1, 508, 527
1, 507, 528
1, 508, 527
1, 508, 528
1, 508, 528
1, 508, 527
1, 507, 527
1, 508, 526
1, 508, 528
1, 508, 528
1, 508, 528
1, 508, 528
1, 508, 528
1, 507, 527
1, 507, 527
1, 508, 528
1, 508, 527
1, 508, 529
1, 508, 527
1, 508, 527
1, 508, 527
1, 508, 528
1, 508, 527
1, 508, 527
1, 508, 529
1, 508, 528
1, 508, 528
1, 508, 528
1, 508, 527
1, 508, 528
1, 508, 528
1, 508, 527
1, 508, 527
1, 507, 528
1, 508, 527
1, 508, 527
1, 508, 527
1, 508, 528
1, 508, 527
1, 508, 527
1, 508, 528
1, 508, 528
1, 508, 528
1, 508, 528
1, 508, 527
1, 508, 527
1, 508, 529
1, 508, 527
1, 508, 527
1, 508, 528
1, 508, 527
1, 508, 527
1, 508, 527
1, 508, 528
1, 508, 527
1, 508, 527
1, 508, 528
1, 507, 528
1, 507, 528
1, 507, 528
1, 508, 528
1, 507, 527
1, 508, 528
1, 508, 526
1, 508, 527
1, 507, 528
1, 508, 527
1, 508, 527
1, 508, 527
1, 508, 527
1, 507, 527
1, 508, 528
1, 508, 527
1, 508, 527
1, 508, 527
1, 508, 528
1, 508, 528
1, 508, 528
1, 508, 527
1, 508, 528
1, 508, 528
1, 508, 528
1, 508, 528
1, 508, 527
1, 507, 527
1, 508, 527
1, 508, 527
1, 508, 527
1, 507, 527
1, 508, 528
1, 508, 527
1, 508, 528
1, 508, 528
1, 508, 527
1, 508, 527
1, 508, 528
1, 508, 528
1, 509, 527
1, 508, 528
1, 508, 527
1, 508, 527
1, 507, 528
1, 508, 527
1, 507, 527
1, 508, 527
1, 508, 528
1, 508, 527
1, 507, 528
1, 508, 528
1, 508, 529
1, 508, 527
1, 508, 528
1, 508, 528
1, 508, 528
1, 508, 527
1, 508, 528
1, 507, 527
1, 508, 527
1, 507, 527
1, 508, 527
1, 508, 528
1, 508, 527
1, 507, 528
1, 507, 527
1, 508, 527
1, 508, 527
1, 509, 528
1, 508, 527
1, 508, 527
1, 507, 528
1, 508, 527
1, 508, 528
1, 508, 527
1, 508, 527
1, 507, 527
1, 508, 528
1, 508, 527
1, 508, 529
1, 508, 527
1, 508, 528
1, 508, 527
1, 508, 528
1, 508, 527
1, 508, 528
1, 508, 528
1, 508, 528
1, 509, 527
1, 508, 527
1, 508, 527
1, 508, 527
1, 507, 528
1, 507, 528
1, 508, 528
1, 508, 528
1, 508, 527
1, 508, 527
1, 508, 527
1, 508, 527
1, 507, 527
1, 508, 527
1, 508, 527
1, 508, 527
1, 508, 528
1, 507, 528
1, 508, 527
1, 508, 527
1, 508, 527
1, 508, 528
1, 508, 528
1, 508, 527
1, 508, 528
1, 508, 527
1, 508, 527
1, 508, 527
1, 508, 527
1, 508, 527
1, 508, 527
1, 508, 528
1, 508, 528
1, 508, 527
1, 508, 528
1, 508, 527
1, 508, 527
1, 507, 528
1, 507, 527
1, 508, 528
1, 507, 527
1, 508, 529
1, 507, 528
1, 508, 528
1, 509, 527
1, 507, 527
1, 508, 527
1, 508, 527
1, 508, 527
1, 507, 527
1, 508, 528
1, 508, 528
1, 507, 528
1, 508, 527
1, 507, 527
1, 508, 528
1, 508, 527
1, 508, 528
1, 507, 528
1, 508, 528
1, 508, 527
1, 508, 528
1, 508, 527
1, 508, 528
1, 508, 528
0, 508, 527
0, 508, 528
0, 507, 529
0, 508, 528
0, 508, 527
0, 507, 527
0, 508, 528
0, 508, 527
0, 508, 527
0, 507, 528
0, 508, 527
0, 507, 528
0, 508, 527
0, 508, 528
0, 508, 528
0, 508, 527
0, 508, 527
0, 508, 527
0, 509, 528
0, 508, 528
0, 508, 528
0, 508, 527
0, 507, 529
0, 508, 528
0, 508, 527
0, 508, 528
0, 508, 528
0, 508, 528
0, 508, 527
0, 508, 527
0, 508, 527
0, 508, 528
0, 508, 527
0, 508, 528
0, 507, 527
0, 508, 527
0, 508, 528
0, 508, 528
0, 508, 528
0, 508, 527
0, 508, 527
0, 508, 527
0, 508, 527
0, 508, 527
0, 507, 527
0, 508, 527
0, 508, 527
0, 508, 527
0, 508, 528
0, 508, 528
0, 508, 527
0, 508, 527
0, 508, 527
0, 508, 528
0, 508, 528
0, 508, 528
0, 508, 527
0, 508, 529
0, 508, 528
0, 508, 527
0, 508, 528
0, 508, 528
0, 508, 527
0, 508, 527
0, 507, 527
0, 508, 527
0, 507, 527
0, 508, 527
0, 508, 528
0, 508, 527
0, 508, 528
0, 508, 527
0, 508, 528
0, 508, 529
0, 508, 527
0, 508, 527
0, 508, 528
0, 508, 528
0, 508, 527
0, 508, 528
0, 508, 527
0, 507, 528
0, 508, 527
0, 508, 528
0, 507, 528
0, 508, 527
0, 508, 527
0, 508, 527
0, 508, 527
0, 507, 528
0, 508, 527
0, 508, 527
0, 508, 528
0, 508, 527
0, 508, 528
0, 508, 527
0, 508, 527
0, 508, 528
0, 508, 528
0, 508, 529
0, 507, 528
0, 507, 527
0, 507, 527
0, 508, 527
0, 508, 528
0, 507, 528
0, 508, 528
0, 508, 528
0, 508, 528
0, 507, 528
0, 508, 528
0, 508, 527
0, 508, 528
0, 508, 527
0, 508, 527
0, 508, 527
0, 508, 527
0, 507, 527
0, 508, 528
0, 508, 527
0, 508, 527
0, 507, 528
0, 508, 528
0, 508, 527
0, 508, 527
0, 508, 528
0, 508, 528
0, 507, 527
0, 507, 527
0, 507, 527
0, 508, 528
0, 508, 527
0, 508, 527
0, 508, 527
0, 508, 528
0, 509, 528
0, 507, 528
0, 508, 527
0, 508, 528
0, 507, 527
0, 508, 526
0, 508, 528
0, 508, 527
0, 508, 528
0, 508, 527
0, 508, 527
0, 507, 527
0, 507, 528
0, 508, 527
0, 508, 528
0, 507, 527
0, 507, 527
0, 508, 528
0, 508, 527
0, 508, 527
0, 508, 527
0, 508, 527
0, 508, 528
0, 508, 527
0, 508, 528
0, 509, 527
0, 508, 528
0, 507, 527
0, 508, 528
0, 508, 528
0, 508, 527
0, 508, 528
0, 508, 528
0, 508, 528
0, 508, 527
0, 507, 527
0, 508, 527
0, 508, 529
0, 508, 527
0, 508, 527
0, 508, 527
0, 507, 527
0, 507, 527
0, 507, 527
0, 508, 527
0, 508, 527
0, 508, 528
0, 507, 528
0, 508, 527
0, 508, 527
0, 508, 528
0, 508, 528
0, 508, 527
0, 508, 528
0, 507, 528
0, 508, 528
0, 508, 527
0, 507, 528
0, 508, 528
0, 508, 528
0, 508, 527
0, 508, 527
0, 508, 528
0, 508, 528
0, 507, 527
0, 508, 527
0, 507, 527
0, 508, 528
0, 508, 528
0, 508, 527
0, 508, 528
0, 508, 527
0, 508, 527
0, 508, 527
0, 508, 527
0, 507, 528
0, 508, 527
0, 508, 527
0, 508, 527
0, 508, 528
0, 508, 527
0, 508, 527
0, 508, 527
0, 508, 528
0, 508, 528
0, 508, 527
0, 508, 527
0, 507, 528
0, 509, 527
0, 508, 527
0, 508, 527
0, 508, 528
0, 508, 527
0, 508, 527
0, 508, 528
0, 508, 527
0, 508, 528
0, 507, 528
0, 508, 528
0, 508, 527
0, 507, 527
0, 508, 527
0, 508, 528
0, 508, 527
0, 508, 529
0, 508, 527
0, 507, 527
0, 507, 527
0, 508, 528
0, 508, 528
0, 507, 527
0, 508, 528
0, 508, 527
0, 508, 528
0, 508, 528
0, 508, 528
0, 508, 528
0, 508, 528
0, 508, 528
0, 508, 528
0, 507, 527
0, 508, 528
0, 508, 527
0, 508, 528
0, 508, 527
0, 508, 527
0, 508, 527
0, 508, 527
0, 508, 527
0, 508, 527
0, 508, 528
0, 508, 528
0, 508, 527
0, 508, 527
0, 507, 528
0, 508, 527
0, 508, 528
0, 508, 527
0, 507, 528
0, 508, 528
0, 508, 528
0, 508, 527
0, 508, 527
0, 508, 528
0, 508, 527
0, 507, 527
0, 508, 527
0, 508, 527
0, 508, 527
0, 508, 528
0, 508, 528
0, 507, 527
0, 508, 528
0, 508, 527
0, 508, 527
0, 508, 527
0, 508, 528
0, 508, 528
0, 507, 529
0, 508, 527
0, 508, 528
0, 508, 528
0, 508, 528
0, 508, 527
0, 508, 528
0, 508, 527
0, 508, 528
0, 508, 528
0, 508, 528
0, 507, 528
0, 508, 527
0, 507, 527
0, 508, 527
0, 508, 527
0, 508, 527
0, 508, 528
0, 508, 528
0, 508, 527
0, 508, 527
0, 508, 528
0, 508, 527
0, 508, 528
0, 508, 527
0, 508, 527
0, 509, 527
0, 508, 528
0, 508, 527
0, 508, 527
0, 508, 527
0, 508, 528
0, 508, 527
0, 508, 527
0, 508, 527
0, 508, 527
0, 508, 528
0, 508, 528
0, 508, 527
0, 508, 527
0, 508, 528
0, 508, 527
0, 509, 528
0, 508, 527
0, 507, 527
0, 507, 527
0, 508, 528
0, 508, 527
0, 508, 528
0, 508, 528
0, 508, 528
0, 508, 527
0, 507, 527
0, 508, 528
0, 508, 528
0, 508, 528
0, 508, 528
0, 507, 528
0, 508, 527
0, 508, 527
0, 508, 528
0, 508, 528
0, 508, 527
0, 508, 527
1, 507, 527
1, 508, 528
1, 508, 527
1, 508, 528
1, 508, 528
1, 508, 528
1, 508, 527
1, 508, 528
1, 508, 528
1, 508, 528
1, 508, 527
1, 508, 528
1, 508, 527
1, 507, 527
1, 508, 527
1, 507, 527
1, 508, 528
1, 508, 528
1, 508, 528
1, 508, 527
1, 508, 528
1, 508, 528
1, 507, 528
1, 508, 528
1, 508, 528
1, 507, 527
1, 508, 527
1, 508, 528
1, 507, 528
1, 508, 527
1, 508, 527
1, 508, 527
1, 508, 528
1, 508, 527
1, 508, 528
1, 508, 527
1, 507, 527
1, 507, 527
1, 508, 527
1, 508, 528
1, 509, 528
1, 507, 528
1, 508, 528
1, 508, 527
1, 508, 527
1, 507, 528
1, 507, 527
1, 508, 528
1, 508, 527
1, 507, 528
1, 508, 528
1, 507, 527
1, 507, 527
1, 508, 528
1, 508, 528
1, 508, 529
1, 508, 527
1, 508, 528
1, 508, 528
1, 508, 528
1, 507, 527
1, 508, 527
1, 508, 528
1, 508, 527
1, 508, 527
1, 507, 527
1, 508, 527
1, 508, 528
1, 508, 527
1, 508, 528
1, 508, 527
1, 508, 527
1, 508, 527
1, 508, 528
1, 508, 528
1, 508, 527
1, 508, 527
1, 508, 527
1, 508, 527
1, 508, 527
1, 508, 527
1, 508, 528
1, 508, 527
1, 508, 527
1, 507, 527
1, 507, 528
1, 508, 528
1, 508, 527
1, 508, 527
1, 507, 528
1, 507, 528
1, 508, 527
1, 508, 528
1, 508, 527
1, 508, 527
1, 507, 528
1, 507, 527
1, 508, 528
1, 508, 528
1, 508, 528
1, 509, 527
1, 508, 527
1, 508, 528
1, 508, 528
1, 507, 527
1, 508, 528
1, 508, 528
1, 508, 527
1, 508, 527
1, 508, 527
1, 507, 527
1, 508, 527
1, 508, 527
1, 508, 527
1, 507, 527
1, 507, 527
1, 508, 527
1, 508, 528
1, 508, 527
1, 508, 528
1, 508, 527
1, 507, 528
1, 508, 528
1, 507, 528
1, 508, 527
1, 507, 527
1, 508, 527
1, 508, 527
1, 507, 527
1, 508, 528
1, 508, 527
1, 508, 528
1, 508, 527
1, 507, 527
1, 508, 527
1, 508, 528
1, 508, 528
1, 508, 528
1, 508, 528
1, 508, 528
1, 507, 527
1, 507, 527
1, 508, 527
1, 508, 527
1, 508, 528
1, 507, 529
1, 508, 529
1, 507, 527
1, 508, 527
1, 508, 528
1, 508, 528
1, 508, 528
1, 508, 528
1, 508, 527
1, 508, 528
1, 508, 527
1, 507, 528
1, 507, 528
1, 508, 527
1, 508, 527
1, 508, 527
1, 507, 528
1, 508, 528
1, 508, 527
1, 508, 528
1, 507, 528
1, 508, 527
1, 508, 527
1, 507, 528
1, 508, 528
1, 508, 527
1, 508, 527
1, 507, 527
1, 508, 528
1, 508, 527
1, 508, 527
1, 508, 528
1, 507, 527
1, 508, 527
1, 508, 527
1, 508, 527
1, 508, 528
1, 508, 528
1, 508, 528
1, 508, 527
1, 508, 528
1, 508, 528
1, 508, 527
1, 508, 528
1, 508, 527
1, 508, 528
1, 507, 527
1, 508, 527
1, 508, 528
1, 508, 527
1, 507, 529
1, 508, 527
1, 508, 527
1, 508, 527
1, 508, 529
1, 508, 528
1, 508, 528
1, 508, 528
1, 508, 527
1, 508, 528
1, 507, 528
1, 508, 527
1, 508, 527
1, 508, 528
1, 507, 528
1, 508, 527
1, 507, 527
1, 507, 527
1, 507, 527
1, 508, 527
1, 508, 527
1, 508, 528
1, 508, 528
1, 508, 528
1, 508, 528
1, 508, 528
1, 508, 527
1, 508, 528
1, 508, 527
1, 508, 528
1, 509, 527
1, 508, 527
1, 508, 528
1, 508, 527
1, 507, 527
1, 508, 528
1, 508, 527
1, 507, 527
1, 507, 527
1, 507, 527
1, 507, 527
1, 508, 527
1, 508, 528
1, 508, 527
1, 508, 527
1, 508, 527
1, 508, 528
1, 508, 527
1, 507, 528
1, 508, 527
1, 508, 527
1, 507, 527
1, 508, 527
1, 507, 527
1, 508, 527
1, 507, 527
1, 508, 527
1, 508, 527
1, 508, 527
1, 508, 528
1, 508, 527
1, 508, 527
1, 508, 528
1, 508, 527
1, 508, 527
1, 508, 527
1, 507, 527
1, 507, 527
1, 508, 527
1, 508, 527
1, 508, 528
1, 508, 527
1, 508, 527
1, 507, 528
1, 507, 528
1, 508, 528
1, 507, 528
1, 508, 527
1, 508, 528
1, 508, 527
1, 508, 528
1, 508, 527
1, 508, 528
1, 508, 527
1, 508, 527
1, 507, 527
1, 507, 527
1, 507, 527
1, 508, 528
1, 508, 528
1, 507, 529
1, 508, 527
1, 508, 528
1, 508, 527
1, 507, 528
1, 507, 528
1, 507, 527
1, 508, 527
1, 507, 527
1, 508, 527
1, 508, 527
1, 508, 527
1, 508, 528
1, 507, 527
1, 508, 527
1, 508, 528
1, 508, 527
1, 508, 528
1, 508, 527
1, 508, 528
1, 508, 528
1, 508, 527
1, 508, 527
1, 508, 527
1, 508, 528
1, 507, 528
1, 508, 527
1, 508, 527
1, 508, 528
1, 508, 528
1, 508, 527
1, 508, 528
1, 508, 528
1, 508, 527
1, 508, 527
1, 507, 527
1, 508, 528
1, 509, 527
1, 508, 527
1, 507, 527
1, 508, 527
1, 507, 527
1, 508, 527
1, 507, 527
1, 508, 528
1, 508, 527
1, 507, 527
1, 508, 527
1, 508, 528
1, 508, 527
1, 508, 528
1, 507, 527
1, 508, 527
1, 507, 527
1, 507, 527
1, 507, 527
1, 508, 527
1, 508, 527
1, 508, 528
1, 508, 528
1, 508, 527
1, 508, 528
1, 508, 528
1, 508, 528
1, 508, 528
1, 508, 527
1, 508, 527
1, 508, 527
1, 508, 528
1, 508, 527
1, 508, 527
1, 508, 527
1, 507, 527
1, 508, 528
1, 508, 527
1, 508, 528
1, 508, 527
1, 508, 527
1, 507, 527
1, 508, 527
1, 508, 528
1, 508, 527
1, 508, 527
1, 508, 527
1, 508, 527
1, 508, 527
1, 509, 527
1, 508, 527
1, 508, 527
1, 508, 528
1, 508, 528
1, 508, 527
1, 508, 528
1, 508, 528
1, 507, 527
1, 508, 527
1, 508, 528
1, 508, 527
1, 508, 528
1, 508, 528
1, 508, 527
1, 508, 527
1, 508, 527
1, 507, 528
1, 507, 528
1, 508, 527
1, 508, 528
1, 508, 528
1, 508, 528
1, 508, 528
1, 507, 528
1, 508, 527
1, 508, 528
1, 507, 528
1, 507, 527
1, 508, 527
1, 508, 527
1, 508, 527
1, 508, 527
1, 508, 527
1, 508, 527
1, 508, 527
1, 508, 527
1, 508, 527
1, 508, 528
1, 508, 527
1, 508, 528
1, 508, 527
1, 508, 527
1, 508, 527
1, 508, 528
1, 508, 528
1, 508, 528
1, 508, 527
1, 508, 527
1, 508, 527
1, 508, 527
1, 508, 527
1, 508, 527
1, 508, 528
1, 508, 527
1, 508, 528
1, 508, 527
1, 508, 527
1, 508, 528
1, 508, 528
1, 508, 527
1, 508, 528
1, 508, 528
1, 508, 528
1, 508, 528
1, 508, 528
1, 508, 527
1, 508, 527
1, 508, 527
1, 508, 528
1, 508, 528
1, 508, 528
1, 508, 527
1, 508, 528
1, 508, 527
1, 508, 527
1, 508, 528
1, 508, 527
1, 508, 528
1, 508, 528
1, 508, 527
1, 508, 527
1, 508, 528
1, 508, 527
1, 508, 528
1, 508, 528
1, 508, 528
1, 508, 527
1, 508, 527
1, 507, 527
1, 508, 527
1, 508, 527
1, 507, 527
1, 508, 527
1, 508, 527
1, 508, 527
1, 508, 528
1, 508, 527
1, 508, 527
1, 508, 527
1, 508, 527
1, 508, 527
1, 508, 528
1, 508, 528
1, 508, 527
1, 508, 527
1, 508, 527
1, 508, 527
1, 508, 528
1, 508, 527
1, 508, 528
1, 508, 528
1, 508, 528
1, 508, 527
1, 508, 527
1, 508, 528
1, 508, 527
1, 508, 527
1, 508, 528
1, 508, 528
1, 508, 527
1, 508, 527
1, 508, 527
1, 508, 527
1, 508, 528
1, 508, 527
1, 507, 528
1, 508, 527
1, 508, 528
1, 508, 528
1, 508, 527
1, 508, 527
1, 508, 527
1, 508, 527
1, 508, 528
1, 508, 527
1, 508, 528
1, 508, 527
1, 508, 527
1, 508, 528
1, 508, 527
1, 508, 527
1, 508, 527
1, 508, 528
1, 508, 527
1, 508, 527
1, 508, 527
1, 508, 527
1, 508, 527
1, 508, 527
1, 508, 527
1, 508, 527
1, 508, 527
1, 508, 528
1, 508, 527
1, 508, 527
1, 508, 528
1, 508, 527
1, 508, 528
1, 508, 528
1, 508, 528
1, 508, 527
1, 508, 527
1, 508, 527
1, 508, 527
1, 508, 527
1, 508, 528
1, 508, 528
1, 508, 527
1, 508, 527
1, 508, 527
1, 508, 527
1, 508, 528
1, 508, 527
1, 508, 528
1, 508, 527
1, 508, 528
1, 508, 527
1, 508, 527
1, 508, 527
1, 508, 527
1, 508, 527
1, 508, 528
1, 508, 527
1, 508, 528
1, 508, 527
1, 508, 527
1, 508, 527
1, 508, 527
1, 508, 527
1, 508, 527
1, 508, 527
1, 508, 527
1, 508, 527
1, 508, 527
1, 508, 528
1, 508, 527
1, 508, 527
1, 508, 527
1, 508, 527
1, 508, 527
1, 508, 527
1, 508, 527
1, 508, 527
1, 508, 527
1, 508, 527
1, 508, 528
1, 508, 527
1, 507, 528
1, 508, 527
1, 508, 527
1, 508, 527
1, 508, 528
1, 508, 527
1, 507, 528
1, 508, 527
1, 508, 528
1, 508, 528
1, 508, 527
1, 508, 527
1, 508, 527
1, 508, 528
1, 508, 528
1, 508, 527
1, 508, 527
1, 508, 527
1, 508, 527
1, 508, 527
1, 508, 527
1, 508, 527
1, 508, 528
1, 508, 527
1, 508, 528
1, 508, 527
1, 508, 527
1, 508, 527
1, 508, 527
1, 508, 527
1, 508, 528
1, 508, 527
1, 507, 527
1, 508, 527
1, 508, 528
1, 508, 527
1, 508, 527
1, 508, 527
1, 508, 528
1, 508, 527
1, 508, 527
1, 508, 527
1, 508, 527
1, 508, 527
1, 508, 527
1, 508, 527
1, 508, 528
1, 508, 527
1, 508, 527
1, 507, 527
1, 508, 527
1, 508, 527
1, 508, 527
1, 508, 527
1, 508, 528
1, 507, 527
1, 508, 528
1, 508, 527
1, 508, 527
1, 508, 527
1, 508, 528
1, 508, 527
1, 508, 528
1, 508, 527
1, 508, 527
1, 507, 527
1, 508, 527
1, 508, 527
1, 508, 527
1, 508, 528
1, 508, 528
1, 508, 527
1, 508, 527
1, 508, 527
1, 508, 527
1, 508, 528
1, 508, 528
1, 508, 528
1, 508, 528
1, 508, 528
1, 507, 528
1, 508, 528
1, 508, 527
1, 508, 527
1, 508, 528
1, 508, 527
1, 508, 528
1, 508, 527
1, 508, 527
1, 508, 527
1, 508, 527
1, 508, 527
1, 508, 527
1, 508, 527
1, 508, 527
1, 508, 527
1, 508, 527
1, 508, 528
1, 508, 528
1, 508, 527
1, 508, 527
1, 508, 528
1, 508, 527
1, 508, 527
1, 508, 527
1, 508, 528
1, 508, 527
1, 508, 528
1, 508, 527
1, 508, 527
1, 508, 527
1, 508, 527
1, 508, 528
1, 508, 528
1, 508, 528
1, 508, 528
1, 508, 528
1, 508, 527
1, 508, 528
1, 508, 528
1, 508, 527
1, 508, 527
1, 508, 527
1, 508, 527
1, 508, 528
1, 508, 527
1, 508, 528
1, 508, 527
1, 508, 527
1, 508, 528
1, 508, 527
1, 508, 527
1, 508, 527
1, 508, 528
1, 508, 528
1, 508, 527
1, 508, 527
1, 508, 527
1, 508, 527
1, 508, 527
1, 508, 527
1, 508, 527
1, 508, 528
1, 508, 527
1, 508, 528
1, 508, 527
1, 508, 527
1, 508, 527
1, 508, 528
1, 508, 527
1, 508, 528
1, 508, 528
1, 508, 527
1, 508, 527
1, 508, 527
1, 508, 527
1, 508, 527
1, 508, 527
1, 508, 527
1, 508, 528
1, 508, 527
1, 508, 527
1, 508, 527
1, 508, 528
1, 508, 528
1, 508, 527
1, 508, 528
1, 508, 527
1, 508, 527
1, 508, 527
1, 508, 527
1, 508, 527
1, 508, 527
1, 508, 527
1, 508, 528
1, 508, 527
1, 508, 528
1, 508, 527
1, 508, 527
1, 507, 527
1, 508, 527
1, 508, 527
1, 508, 528
1, 508, 527
1, 508, 528
1, 508, 527
1, 508, 527
1, 508, 528
1, 508, 527
1, 508, 527
1, 507, 528
1, 508, 528
1, 508, 527
1, 508, 528
1, 508, 527
1, 508, 528
1, 508, 528
1, 508, 527
1, 508, 527
1, 508, 528
1, 508, 528
1, 508, 527
1, 508, 528
1, 508, 527
1, 508, 527
1, 508, 527
1, 508, 528
1, 508, 527
1, 508, 527
1, 508, 527
1, 508, 527
1, 508, 527
1, 508, 528
1, 508, 527
1, 508, 528
1, 508, 527
1, 508, 527
1, 508, 527
1, 508, 527
1, 508, 528
1, 508, 527
1, 508, 528
1, 507, 528
1, 508, 527
1, 508, 527
1, 508, 527
1, 507, 527
1, 507, 528
1, 508, 527
1, 508, 527
1, 508, 528
1, 507, 527
1, 508, 527
1, 508, 528
1, 508, 528
1, 508, 527
1, 508, 527
1, 508, 527
1, 508, 528
1, 508, 527
1, 508, 527
1, 508, 527
1, 508, 528
1, 508, 527
1, 508, 527
1, 508, 527
1, 508, 528
1, 508, 528
1, 507, 527
1, 507, 527
1, 508, 527
1, 508, 528
1, 508, 527
1, 508, 527
1, 508, 527
1, 508, 527
1, 508, 527
1, 508, 527
1, 508, 527
1, 508, 527
1, 508, 527
1, 508, 527
1, 508, 528
1, 508, 528
1, 508, 528
1, 508, 528
1, 508, 527
1, 508, 527
1, 508, 527
1, 508, 527
1, 508, 528
1, 508, 527
1, 508, 527
1, 508, 527
1, 508, 527
1, 508, 527
1, 508, 527
1, 508, 527
1, 508, 528
1, 508, 527
1, 508, 527
1, 508, 527
1, 508, 527
1, 508, 527
1, 508, 527
1, 508, 528
1, 508, 528
1, 507, 527
1, 508, 528
1, 508, 527
1, 508, 527
1, 508, 527
1, 508, 527
1, 508, 527
1, 508, 527
1, 508, 527
1, 508, 527
1, 508, 527
1, 508, 527
1, 507, 527
1, 508, 528
1, 508, 528
1, 508, 528
1, 508, 528
1, 508, 528
1, 508, 527
1, 508, 527
1, 508, 527
1, 508, 527
1, 508, 527
1, 508, 528
1, 508, 528
1, 508, 527
1, 508, 527
1, 508, 528
1, 508, 527
1, 508, 528
1, 508, 527
1, 508, 528
1, 508, 527
1, 508, 527
1, 508, 527
1, 508, 527
1, 508, 527
1, 508, 527
1, 508, 527
1, 508, 528
1, 508, 527
1, 508, 527
1, 508, 527
1, 508, 527
1, 508, 527
1, 508, 527
1, 508, 527
1, 508, 527
1, 508, 527
1, 508, 528
1, 508, 527
1, 508, 527
1, 508, 527
1, 508, 528
1, 508, 527
1, 508, 528
1, 508, 528
1, 508, 527
1, 508, 527
1, 507, 528
1, 508, 527
1, 507, 527
1, 508, 527
1, 508, 528
1, 508, 527
1, 508, 527
1, 508, 527
1, 508, 528
1, 508, 527
1, 508, 527
1, 508, 527
1, 508, 528
1, 507, 527
1, 508, 528
1, 508, 527
1, 508, 527
1, 508, 527
1, 508, 528
1, 508, 527
1, 508, 528
1, 508, 527
1, 508, 527
1, 508, 527
1, 508, 527
1, 508, 528
1, 508, 527
1, 508, 527
1, 508, 528
1, 508, 527
1, 508, 527
1, 508, 528
1, 508, 527
1, 508, 527
1, 508, 527
1, 508, 528
1, 508, 528
1, 508, 527
1, 508, 528
1, 508, 527
1, 508, 528
1, 508, 527
1, 508, 527
1, 508, 527
1, 508, 528
1, 508, 527
1, 508, 528
1, 508, 527
1, 508, 528
1, 508, 527
1, 508, 527
1, 508, 527
1, 508, 527
1, 508, 527
1, 508, 528
1, 508, 527
1, 507, 527
1, 508, 527
1, 508, 527
1, 508, 527
1, 508, 528
1, 508, 528
1, 508, 527
1, 508, 527
1, 508, 527
1, 508, 527
1, 508, 527
1, 508, 527
1, 508, 527
1, 508, 527
1, 508, 527
1, 508, 527
1, 508, 528
1, 508, 527
1, 508, 528
1, 508, 527
1, 508, 528
1, 508, 527
1, 508, 527
1, 508, 528
1, 508, 527
1, 508, 528
1, 508, 528
1, 508, 527
1, 508, 527
1, 508, 527
1, 508, 527
1, 508, 527
1, 508, 527
1, 508, 527
1, 508, 527
1, 508, 527
1, 508, 528
1, 508, 527
1, 508, 527
1, 508, 527
1, 508, 527
1, 508, 527
1, 508, 527
1, 508, 527
1, 508, 528
1, 508, 528
1, 508, 528
1, 508, 528
1, 508, 528
1, 508, 527
1, 508, 527
1, 508, 527
1, 508, 527
1, 508, 527
1, 508, 527
1, 508, 528
1, 508, 528
1, 508, 527
1, 508, 527
1, 508, 528
1, 508, 528
1, 508, 527
1, 508, 527
1, 508, 527
1, 507, 528
1, 508, 527
1, 508, 528
1, 508, 528
1, 508, 528
1, 508, 527
1, 508, 527
1, 508, 527
1, 508, 528
1, 508, 527
1, 508, 527
1, 508, 527
1, 508, 528
1, 508, 528
1, 508, 527
1, 508, 527
1, 508, 527
1, 508, 527
1, 508, 527
1, 508, 527
1, 508, 528
1, 508, 527
1, 508, 527
1, 508, 528
1, 508, 527
1, 508, 528
1, 508, 527
1, 508, 528
1, 508, 528
1, 508, 528
1, 508, 527
1, 508, 527
1, 508, 527
1, 508, 527
1, 508, 528
1, 508, 528
1, 508, 528
1, 507, 527
1, 508, 527
1, 508, 527
1, 508, 528
1, 508, 527
1, 508, 528
1, 508, 527
1, 508, 527
1, 508, 527
1, 508, 527
1, 508, 527
1, 508, 528
1, 508, 528
1, 508, 528
1, 508, 527
1, 508, 528
1, 508, 528
1, 508, 527
1, 508, 527
1, 508, 527
1, 508, 527
1, 508, 527
1, 508, 527
1, 508, 527
1, 508, 527
1, 508, 527
1, 508, 527
1, 508, 527
1, 508, 527
1, 508, 527
1, 508, 528
1, 508, 528
1, 508, 528
1, 508, 527
1, 508, 528
1, 508, 527
1, 508, 528
1, 508, 528
1, 508, 527
1, 508, 528
1, 508, 527
1, 508, 527
1, 508, 527
1, 508, 528
1, 508, 527
1, 507, 527
1, 508, 527
1, 508, 528
1, 508, 527
1, 508, 527
1, 508, 527
1, 508, 527
1, 508, 528
1, 508, 528
1, 508, 527
1, 508, 528
1, 508, 527
1, 508, 527
1, 508, 527
1, 508, 527
1, 508, 528
1, 507, 528
